{
  "09:30": {
    "final_value": 174028.03542541532,
    "total_return": 0.7402803542541532,
    "num_trades": 144,
    "total_costs": 5921.538812579812,
    "used_hourly_data": true
  },
  "10:30": {
    "final_value": 165937.29567258208,
    "total_return": 0.6593729567258209,
    "num_trades": 144,
    "total_costs": 5900.01846319428,
    "used_hourly_data": true
  },
  "11:30": {
    "final_value": 169686.1202056207,
    "total_return": 0.6968612020562072,
    "num_trades": 144,
    "total_costs": 5799.260562579082,
    "used_hourly_data": true
  },
  "12:30": {
    "final_value": 161181.72324414938,
    "total_return": 0.6118172324414939,
    "num_trades": 141,
    "total_costs": 5693.798698176437,
    "used_hourly_data": true
  },
  "13:30": {
    "final_value": 166853.20682854237,
    "total_return": 0.6685320682854238,
    "num_trades": 141,
    "total_costs": 5625.517261787808,
    "used_hourly_data": true
  },
  "14:30": {
    "final_value": 167442.62956246026,
    "total_return": 0.6744262956246027,
    "num_trades": 141,
    "total_costs": 5587.83199020034,
    "used_hourly_data": true
  },
  "15:30": {
    "final_value": 170274.26922956973,
    "total_return": 0.7027426922956973,
    "num_trades": 140,
    "total_costs": 5645.348498729052,
    "used_hourly_data": true
  },
  "16:00": {
    "final_value": 100000,
    "total_return": 0.0,
    "num_trades": 0,
    "total_costs": 0,
    "used_hourly_data": true
  }
}